{"cameraMode":{"drawMode":0,"name":"Shaded","section":"Shading Mode"},"sceneLighting":false,"audioPlay":false,"sceneViewState":{"m_AlwaysRefresh":false,"showFog":true,"showSkybox":false,"showFlares":true,"showImageEffects":true,"showParticleSystems":true,"showVisualEffectGraphs":true,"m_FxEnabled":true},"in2DMode":false,"pivot":{"x":0.7309920787811279,"y":0.4665762782096863,"z":-0.6718127727508545},"rotation":{"x":-0.03965171054005623,"y":0.28574323654174807,"z":-0.01190931536257267,"w":-0.957506537437439},"size":2.2803432941436769,"orthographic":false}