{"cameraMode":{"drawMode":0,"name":"Shaded","section":"Shading Mode"},"sceneLighting":false,"audioPlay":false,"sceneViewState":{"m_AlwaysRefresh":false,"showFog":true,"showSkybox":false,"showFlares":true,"showImageEffects":true,"showParticleSystems":true,"showVisualEffectGraphs":true,"m_FxEnabled":true},"in2DMode":false,"pivot":{"x":-1.4947459697723389,"y":0.5452093482017517,"z":-0.0822465792298317},"rotation":{"x":-0.10879086703062058,"y":0.7675485014915466,"z":-0.13546150922775269,"w":-0.6171408891677856},"size":1.1694388389587403,"orthographic":false}